{
	"pages": [ {
		"path": "pages/index/index",
		"style": {
			"navigationBarTitleText": "登录",
			"navigationStyle": "custom",
			"app-plus": {
				"titleNView": false
			}
		}
	}, {
		"path": "pages/welcome/welcome",
		"style": {
			"navigationBarTitleText": "欢迎",
			"navigationStyle": "custom",
			"app-plus": {
				"titleNView": false
			}
		}
	}, {
		"path": "pages/register/register",
		"style": {
			"navigationBarTitleText": "注册",
			"navigationStyle": "custom",
			"app-plus": {
				"titleNView": false
			}
		}
	}, {
		"path": "pages/chat/chat",
		"style": {
			"navigationBarTitleText": "AI助手",
			"navigationStyle": "custom"
		}
	}, {
		"path": "pages/prevention/prevention",
		"style": {
			"navigationBarTitleText": "林业防虫"
		}
	}, {
		"path": "pages/identify/identify",
		"style": {
			"navigationBarTitleText": "识别"
		}
	}, {
		"path": "pages/identify/detail",
		"style": {
			"navigationBarTitleText": "识别结果详情"
		}
	}, {
		"path": "pages/identify/offline-identify",
		"style": {
			"navigationBarTitleText": "离线识别",
			"navigationStyle": "custom",
			"app-plus": {
				"titleNView": false
			}
		}
	}, {
		"path": "pages/gallery/gallery",
		"style": {
			"navigationBarTitleText": "图鉴"
		}
	}, {
		"path": "pages/lib/lib",
		"style": {
			"navigationBarTitleText": "昆虫详情"
		}
	}, {
		"path": "pages/share/share",
		"style": {
			"navigationBarTitleText": "分享"
		}
	}, {
		"path": "pages/profile/profile",
		"style": {
			"navigationBarTitleText": "我的"
		}
	}],
	"globalStyle": {
		"navigationBarTextStyle": "black",
		"navigationBarTitleText": "害虫识别系统",
		"navigationBarBackgroundColor": "#F8F8F8",
		"backgroundColor": "#F8F8F8",
		"app-plus": {
			"background": "#efeff4"
		}
	},
	"tabBar": {
		"color": "#7A7E83",
		"selectedColor": "#3cc51f",
		"borderStyle": "black",
		"backgroundColor": "#ffffff",
		"list": [
			{
				"pagePath": "pages/identify/identify",
				"iconPath": "static/search.png",
				"selectedIconPath": "static/search_active.png",
				"text": "识别"
			},
			{
				"pagePath": "pages/gallery/gallery",
				"iconPath": "static/book.png",
				"selectedIconPath": "static/book_active.png",
				"text": "图鉴"
			},
			{
				"pagePath": "pages/prevention/prevention",
				"iconPath": "static/active 1.png",
				"selectedIconPath": "static/active 2.png",
				"text": "防虫"
			},
			{
				"pagePath": "pages/profile/profile",
				"iconPath": "static/my.png",
				"selectedIconPath": "static/my_active.png",
				"text": "我的"
			}
		]
	}
}
