{
  "setting": {
    "es6": true,
    "postcss": true,
    "minified": true,
    "uglifyFileName": false,
    "enhance": true,
    "packNpmRelationList": [],
    "babelSetting": {
      "ignore": [],
      "disablePlugins": [],
      "outputPath": ""
    },
    "useCompilerPlugins": false,
    "minifyWXML": true
  },
  "compileType": "miniprogram",
  "simulatorPluginLibVersion": {},
  "packOptions": {
    "ignore": [],
    "include": [
      {
        "type": "file",
        "value": "model/model.tflite"
      }
    ]
  },
  "appid": "wx02373dbbb9caef07",
  "editorSetting": {},
  "plugins": {
    "tfjsPlugin": {
      "version": "2.4.0",
      "provider": "wx6afed118d9e81df9"
    }
  },
  "packOptions": {
    "ignore": [],
    "include": [
      {
        "type": "file",
        "value": "model/model.tflite"
      },
      {
        "type": "file",
        "value": "model/offlineRecognizer.js"
      }
    ]
  }
}
